{
  "0": [0.07,0.04,0.0,0.0,0.0,0.0,0.127],
  "1": [2.0,0.0,0.0,0.0,0.0,0.0,0.67],
  "2": [0.166383,0.648064,0.34938,2e-05,0.202801,0.0,0.147903],
  "3": [0.600683,0.096224,0.375352,0.000109,0.325,0.0,0.12425],
  "4": [0.356,0.188,1.0,0.0,0.0,0.0,0.27],
  "5": [0.966435,4.3e-05,0.126148,4.4e-05,0.0,0.0,0.600341],
  "6": [0.206,0.0,0.441,0.0,0.0,0.0,0.259],
  "7": [0.476,0.0,1.0,0.0,0.0,0.0,0.12],
  "8": [0.356,0.188,1.0,0.0,0.0,0.0,0.27],
  "9": [0.742802,0.356809,0.25872,8.2e-05,0.355575,0.3875,0.167576],
  "10": [0.356,0.188,1.0,0.0,0.0,0.0,0.27],
  "11": [0.956,0.0,0.833,0.0,0.0,0.0,0.27],
  "12": [0.0,-0.145,-0.4,0.0,-0.4,0.0,0.05],
  "13": [0.356,0.188,1.0,0.0,0.0,0.0,0.27],
  "14": [0.476,0.0,1.0,0.0,0.0,0.0,0.12],
  "15": [0.381896,1.0,0.014473,0.15,0.0,0.0,0.348181],
  "16": [0.0,-0.145,-0.4,0.0,-0.4,0.0,0.05],
  "17": [0.0,0.0,0.15,0.0,0.5625,0.0,0.103026],
  "18": [0.0,-0.145,-0.4,0.0,-0.4,0.0,0.05],
  "19": [0.421,0.0,0.998,0.0,0.0,0.0,0.062],
  "20": [0.421,0.0,0.998,0.0,0.0,0.0,0.062],
  "21": [0.476,0.0,1.0,0.0,0.0,0.0,0.12],
  "22": [0.547522,0.56799,0.282324,0.137514,7e-06,0.0,0.191525],
  "23": [0.476,0.0,1.0,0.0,0.0,0.0,0.12],
  "24": [-0.5,1.412,0.0,0.0,0.314,0.0,0.25],
  "25": [0.906,0.0,0.0,0.0,0.0,0.0,0.374],
  "26": [0.666383,0.0,0.41188,0.0,0.515301,0.375,0.082176],
  "27": [0.994396,0.325485,0.801973,0.0,0.0,0.0,0.661265],
  "28": [0.926947,3.1e-05,0.721652,2.8e-05,0.0,0.0,0.527195],
  "29": [0.483655,0.962507,0.3125,0.413397,0.0,0.0,0.291732],
  "30": [0.371094,1.0,0.0,1e-05,0.099194,0.0,0.1125],
  "31": [0.651674,0.459095,0.10706,0.097146,1.8e-05,0.0,0.200019]
}