{
  "0": [0,0,0,0,0,0,0,0,0,0,0,0,0,0,0,0],
  "1": [5,3,-5,-5,0,0,0,0,0,0,0,0,0,0,0,0],
  "2": [-39,13,12,1,0,0,0,-1.089,-0.0718,-0.0366,0.0809,0.1481,-0.0111,-0.3347,0.0652,-0.0583],
  "3": [3.457776,-17.690017,3.642437,7.294593,0.0,0.0,0.0,-0.038923,-0.085048,0.106754,-0.217502,0.378347,0.013346,-0.26525,0.034419,0.00466],
  "4": [-13.735159,5.497263,8.05409,-9.003594,0.0,0.0,0.0,-0.691832,-0.126493,0.154007,-0.33123,0.346255,0.005956,-0.049672,0.238362,-0.007967],
  "5": [-14,23,-1,-5,0,0,0,-0.08442,0.74337,0.17162,-0.3127,0.40266,0.041984,-0.21818,-0.02112,-0.005112],
  "6": [-34.696067,12.994833,9.350654,1.639421,0.0,0.0,0.0,-0.95114,-0.064307,-0.036146,-0.084908,0.626881,-0.010766,-0.292396,0.061967,-0.05223],
  "7": [-4,-36,9,13,0,0,0,-0.9827,0.5532,0.128,-0.453,0.373,0.017,0,0,0],
  "8": [5,3,-5,-5,0,0,0,0,0,0,0,0,0,0,0,0],
  "9": [-1,-37,13,3,0,0,0,-0.13311,0.67427,0.15412,-0.1593,0.00055,0.007121,0,0,0],
  "10": [-15.371004,3.39091,8.279198,-17.022901,0.0,0.0,0.0,-0.800197,-0.131333,0.175666,-0.441795,0.616118,0.002631,0.041471,0.066596,-0.004337],
  "11": [-1,-37,13,3,0,0,0,-0.13311,0.67427,0.15412,-0.1593,0.00055,0.007121,0,0,0],
  "12": [-9,19,6,16,0,0,0,-0.11703,0.084434,0.16901,-0.37406,0.28046,0.049621,-0.26101,-0.091153,0.008414],
  "13": [-4,-36,9,13,0,0,0,-0.9827,0.5532,0.128,-0.453,0.373,0.017,0,0,0],
  "14": [2,-34,7,5,0,0,0,-0.22805,0.36158,0.16379,-0.43645,0.3169,0.053899,-0.32385,-0.054751,0.012729],
  "15": [-5,13,7,10,0,0,0,0,0,0,0,0,0,0,0,0],
  "16": [-38.697355,13.21966,11.996049,1.034137,0.0,0.0,0.0,-1.069874,-0.067151,-0.034239,0.072315,0.149624,-0.009923,-0.332568,0.062177,-0.056919],
  "17": [-4,-36,9,13,0,0,0,-0.9827,0.5532,0.128,-0.453,0.373,0.017,0,0,0],
  "18": [-17.191084,-2.322248,8.455006,13.527908,0.0,0.0,0.0,-0.86903,-0.096696,0.21204,-0.480106,0.369016,0.023005,-0.023177,0.000607,-0.002182],
  "19": [-4,-36,9,13,0,0,0,-0.9827,0.5532,0.128,-0.453,0.373,0.017,0,0,0],
  "20": [-14,23,-3,5,0,0,0,-0.26202,0.58805,0.18646,-0.34783,0.29377,0.051309,-0.12261,-0.05199,-0.012885],
  "21": [-14,23,-3,5,0,0,0,-0.26202,0.58805,0.18646,-0.34783,0.29377,0.051309,-0.12261,-0.05199,-0.012885],
  "22": [-5,13,7,10,0,0,0,0,0,0,0,0,0,0,0,0],
  "23": [-14.827014,-14.964091,10.337826,-18.287348,0.0,0.0,0.0,-0.22267,0.31434,0.036957,-0.775381,0.724586,0.034949,-0.346859,0.415123,-0.026627],
  "24": [-5,13,7,10,0,0,0,0,0,0,0,0,0,0,0,0],
  "25": [-4,-36,9,13,0,0,0,-0.9827,0.5532,0.128,-0.453,0.373,0.017,0,0,0],
  "26": [-29,-6,14,18,0,0,0,-0.4557,0.2597,0.0189,-0.8569,0.4907,0.0677,-0.3904,-0.1389,-0.0065],
  "27": [3.457776,-17.690017,3.642437,7.294593,0.0,0.0,0.0,-0.038923,-0.085048,0.106754,-0.208953,0.294234,0.01525,-0.214379,-0.059655,0.007039],
  "28": [-38.697355,13.21966,11.996049,1.034137,0.0,0.0,0.0,-0.93236,0.788308,-0.03424,0.099199,0.210469,-0.009923,-0.069834,-0.515713,-0.027252],
  "29": [-30.173706,12.994654,-2.520856,-0.62837,0.0,0.0,0.0,-0.834083,0.427111,-0.035194,0.20931,-0.275011,-0.010299,-0.247871,0.058003,-0.045699],
  "30": [-23.03517,18.410034,-13.030474,-6.664949,0.0,0.0,0.0,-0.715766,0.181017,0.037744,-0.012721,-0.196442,-0.00628,0.087138,-1.069264,-0.088539],
  "31": [-28.630386,-0.338164,2.850638,-10.873799,0.0,0.0,0.0,-0.808797,0.201058,0.027481,-0.062115,0.271303,-1.3e-05,-0.353845,0.014474,-0.136171],
  "32": [-17.959055,-8.251873,9.241006,12.124219,0.0,0.0,0.0,-0.828981,-0.028591,0.178178,-0.529116,0.382092,0.023976,-0.047551,-0.00278,-0.006877]
}

